log_id,user_name,phone,website,access_date,duration_minutes
1,Alice,13800000001,www.pornhub.com,2020/6/24,2375
2,Alice,13800000001,www.taobao.com,2020/1/2,761
3,Alice,13800000001,www.youtube.com,2020/9/22,164
4,Bob,13800000002,www.bing.com,2022/7/31,924
5,Bob,13800000002,www.instagram.com,2020/12/22,415
6,Bob,13800000002,www.education.com,2023/3/20,302
7,Charlie,13800000003,www.amazon.com,2022/1/31,96
8,Charlie,13800000003,www.tiktok.com,2024/2/15,680
9,Charlie,13800000003,www.pornhub.com,2025/6/9,2041
10,Charlie,13800000003,www.xvideos.com,2025/6/8,1036
11,Charlie,13800000003,www.pornhub.com,2022/6/7,803
12,David,13800000004,www.youtube.com,2020/9/24,604
13,David,13800000004,www.instagram.com,2023/3/10,51
14,David,13800000004,www.bing.com,2023/8/21,723
15,Eva,13800000005,www.taobao.com,2023/9/3,214
16,Eva,13800000005,www.google.com,2025/1/22,487
17,Eva,13800000005,www.amazon.com,2020/3/11,165
18,Frank,13800000006,www.youtube.com,2022/3/10,769
19,Frank,13800000006,www.tiktok.com,2020/6/24,744
20,Frank,13800000006,www.xvideos.com,2021/7/20,869
21,Grace,13800000007,www.pornhub.com,2022/8/28,843
22,Grace,13800000007,www.youtube.com,2023/12/6,624
23,Grace,13800000007,www.taobao.com,2022/5/29,365
24,Grace,13800000007,www.facebook.com,2022/11/22,701
25,Hannah,13800000008,www.amazon.com,2020/2/13,228
26,Hannah,13800000008,www.tiktok.com,2025/6/4,395
27,Hannah,13800000008,www.google.com,2023/11/28,327
28,Ian,13800000009,www.youtube.com,2020/1/3,893
29,Ian,13800000009,www.xvideos.com,2023/8/14,935
30,Ian,13800000009,www.bing.com,2021/9/18,778
31,Ian,13800000009,www.taobao.com,2021/12/1,51
32,Julia,13800000010,www.taobao.com,2024/3/20,68
33,Julia,13800000010,www.google.com,2023/5/22,596
34,Julia,13800000010,www.pornhub.com,2025/3/2,23
35,Julia,13800000010,www.facebook.com,2020/3/24,277
36,Kevin,13800000011,www.youtube.com,2020/4/25,430
37,Kevin,13800000011,www.tiktok.com,2020/10/6,742
38,Kevin,13800000011,www.facebook.com,2025/1/6,702
39,Laura,13800000012,www.pornhub.com,2024/10/21,507
40,Laura,13800000012,www.google.com,2024/8/16,119
41,Laura,13800000012,www.amazon.com,2020/10/24,77
42,Michael,13800000013,www.youtube.com,2021/12/26,608
43,Michael,13800000013,www.instagram.com,2020/11/14,406
44,Michael,13800000013,www.xvideos.com,2025/4/7,870
45,Nina,13800000014,www.taobao.com,2024/6/15,597
46,Nina,13800000014,www.google.com,2024/9/15,880
47,Nina,13800000014,www.amazon.com,2022/4/13,773
48,Olivia,13800000015,www.youtube.com,2021/5/22,842
49,Olivia,13800000015,www.instagram.com,2024/7/10,495
50,Olivia,13800000015,www.pornhub.com,2025/3/15,151
51,Olivia,13800000015,www.taobao.com,2024/2/22,629
52,Peter,13800000016,www.taobao.com,2022/12/7,99
53,Peter,13800000016,www.google.com,2021/6/15,628
54,Peter,13800000016,www.amazon.com,2023/1/21,567
55,Peter,13800000016,www.facebook.com,2023/1/13,930
56,Quincy,13800000017,www.youtube.com,2021/11/29,212
57,Quincy,13800000017,www.xvideos.com,2025/3/7,120
58,Quincy,13800000017,www.facebook.com,2022/5/16,394
59,Rachel,13800000018,www.taobao.com,2023/7/24,408
60,Rachel,13800000018,www.google.com,2022/1/10,603
61,Rachel,13800000018,www.amazon.com,2023/7/16,845
62,Steven,13800000019,www.youtube.com,2021/6/4,983
63,Steven,13800000019,www.instagram.com,2020/2/13,810
64,Steven,13800000019,www.pornhub.com,2021/6/15,607
65,Tina,13800000020,www.taobao.com,2020/11/27,59
66,Tina,13800000020,www.google.com,2024/1/26,353
67,Tina,13800000020,www.facebook.com,2020/4/7,83
68,Victor,13800000021,www.xvideos.com,2021/7/20,853
69,Victor,13800000021,www.tiktok.com,2022/9/26,745
70,Victor,13800000021,www.google.com,2020/10/26,683
71,Victor,13800000021,www.taobao.com,2022/3/2,235
72,Wendy,13800000022,www.amazon.com,2024/6/4,62
73,Wendy,13800000022,www.instagram.com,2022/5/2,321
74,Wendy,13800000022,www.bing.com,2024/3/21,351
75,Wendy,13800000022,www.google.com,2020/3/27,282
76,Xander,13800000023,www.youtube.com,2021/6/20,967
77,Xander,13800000023,www.tiktok.com,2021/1/26,166
78,Xander,13800000023,www.xvideos.com,2025/5/15,157
79,Yvonne,13800000024,www.google.com,2021/3/2,945
80,Yvonne,13800000024,www.amazon.com,2023/1/8,861
81,Yvonne,13800000024,www.instagram.com,2020/10/7,406
82,Yvonne,13800000024,www.bing.com,2021/5/1,462
83,Zack,13800000025,www.pornhub.com,2021/6/19,455
84,Zack,13800000025,www.xvideos.com,2022/10/6,887
85,Zack,13800000025,www.google.com,2020/5/7,62
86,Zack,13800000025,www.taobao.com,2023/1/28,520
87,Zoe,13800000026,www.amazon.com,2023/10/1,545
88,Zoe,13800000026,www.instagram.com,2023/2/24,785
89,Zoe,13800000026,www.bing.com,2021/7/4,720
90,Zoe,13800000026,www.google.com,2022/12/14,958
91,Zackary,13800000027,www.youtube.com,2024/11/16,778
92,Zackary,13800000027,www.tiktok.com,2020/6/12,571
93,Zackary,13800000027,www.google.com,2023/10/12,778
94,Zackary,13800000027,www.taobao.com,2024/1/2,821
95,Zoe,13800000028,www.amazon.com,2024/5/3,99
96,Zoe,13800000028,www.instagram.com,2020/2/22,786
97,Zoe,13800000028,www.pornhub.com,2024/8/30,821
98,Zoe,13800000028,www.google.com,2021/5/20,802
99,Zackary,13800000029,www.youtube.com,2021/5/26,598
100,Zackary,13800000029,www.tiktok.com,2020/1/9,509
101,Zackary,13800000029,www.xvideos.com,2022/5/11,655
102,Zackary,13800000029,www.taobao.com,2024/10/17,446
103,Zoe,13800000030,www.amazon.com,2020/1/14,774
104,Zoe,13800000030,www.instagram.com,2020/8/30,962
105,Zoe,13800000030,www.pornhub.com,2024/6/9,815
106,Zoe,13800000030,www.google.com,2020/6/26,427
107,Alice,13800000001,www.bing.com,2024/2/24,1027
108,Bob,13800000002,www.amazon.com,2025/2/10,1259
109,Charlie,13800000003,www.pornhub.com,2024/7/22,1992
110,David,13800000004,www.amazon.com,2024/8/23,1939
111,Eva,13800000005,www.youtube.com,2025/3/31,2809
112,Frank,13800000006,www.amazon.com,2024/7/30,1395
113,Grace,13800000007,www.youtube.com,2025/3/30,2263
114,Hannah,13800000008,www.bing.com,2024/11/13,2417
115,Ian,13800000009,www.xvideos.com,2024/8/29,1312
116,Julia,13800000010,www.google.com,2024/5/12,1196
117,Kevin,13800000011,www.bing.com,2025/1/13,1796
118,Laura,13800000012,www.google.com,2024/1/31,2884
119,Michael,13800000013,www.amazon.com,2024/1/2,1254
120,Nina,13800000014,www.bing.com,2024/9/23,1513
121,Olivia,13800000015,www.youtube.com,2024/4/14,1182
122,Peter,13800000016,www.amazon.com,2024/9/26,2724
123,Quincy,13800000017,www.amazon.com,2024/12/23,2535
124,Rachel,13800000018,www.xvideos.com,2024/5/2,767
125,Steven,13800000019,www.xvideos.com,2024/6/14,1980
126,Tina,13800000020,www.pornhub.com,2024/10/15,1735
127,Victor,13800000021,www.amazon.com,2024/8/1,1873
128,Wendy,13800000022,www.youtube.com,2024/3/2,2009
129,Xander,13800000023,www.amazon.com,2024/4/29,1645
130,Yvonne,13800000024,www.bing.com,2024/3/22,1384
131,Zack,13800000025,www.taobao.com,2024/2/29,2829
132,Zoe,13800000026,www.taobao.com,2024/9/15,2988
133,Zackary,13800000027,www.youtube.com,2024/8/5,1716
134,Zoe,13800000028,www.google.com,2024/10/12,643
135,Zackary,13800000029,www.youtube.com,2025/3/11,1657
136,Zoe,13800000030,www.bing.com,2025/3/26,1695
138,Alice,13800000001,www.amazon.com,2024/11/15,1786
139,Bob,13800000002,www.bing.com,2025/2/16,544
140,Charlie,13800000003,www.youtube.com,2025/3/9,1787
141,David,13800000004,www.xvideos.com,2024/3/29,2295
142,Eva,13800000005,www.google.com,2025/2/25,1845
143,Frank,13800000006,www.pornhub.com,2024/2/16,2190
144,Grace,13800000007,www.google.com,2024/6/12,1870
145,Hannah,13800000008,www.amazon.com,2024/11/28,1978
146,Ian,13800000009,www.xvideos.com,2024/3/20,1751
147,Julia,13800000010,www.pornhub.com,2024/7/5,702
148,Kevin,13800000011,www.taobao.com,2024/11/19,2880
149,Laura,13800000012,www.amazon.com,2024/6/26,2967
150,Michael,13800000013,www.xvideos.com,2025/2/25,1148
151,Nina,13800000014,www.bing.com,2025/3/11,747
152,Olivia,13800000015,www.amazon.com,2025/3/25,2805
153,Peter,13800000016,www.amazon.com,2024/10/17,790
154,Quincy,13800000017,www.amazon.com,2024/2/11,1460
155,Rachel,13800000018,www.amazon.com,2024/2/22,2028
156,Steven,13800000019,www.xvideos.com,2024/12/5,1871
157,Tina,13800000020,www.bing.com,2025/4/2,1470
158,Victor,13800000021,www.pornhub.com,2024/10/12,1070
159,Wendy,13800000022,www.taobao.com,2024/11/27,2406
160,Xander,13800000023,www.amazon.com,2025/3/18,2639
161,Yvonne,13800000024,www.youtube.com,2024/7/8,2686
162,Zack,13800000025,www.google.com,2024/1/26,2675
163,Zoe,13800000026,www.taobao.com,2024/5/23,516
164,Zackary,13800000027,www.google.com,2024/7/31,547
165,Zoe,13800000028,www.amazon.com,2024/8/16,1385
166,Zackary,13800000029,www.taobao.com,2024/6/1,2547
167,Zoe,13800000030,www.google.com,2024/1/24,2876
169,Alice,13800000001,www.pornhub.com,2024/7/10,1516
170,Bob,13800000002,www.xvideos.com,2024/11/13,755
171,Charlie,13800000003,www.bing.com,2025/2/19,982
172,David,13800000004,www.taobao.com,2024/11/12,2204
173,Eva,13800000005,www.youtube.com,2024/11/4,1319
174,Frank,13800000006,www.amazon.com,2024/3/4,2539
175,Grace,13800000007,www.amazon.com,2025/2/10,1548
176,Hannah,13800000008,www.bing.com,2025/3/24,1831
177,Ian,13800000009,www.xvideos.com,2024/2/16,1213
178,Julia,13800000010,www.google.com,2024/12/16,1599
179,Kevin,13800000011,www.pornhub.com,2024/4/22,1711
180,Laura,13800000012,www.amazon.com,2025/4/2,2747
181,Michael,13800000013,www.bing.com,2025/2/6,2572
182,Nina,13800000014,www.bing.com,2024/2/27,646
183,Olivia,13800000015,www.pornhub.com,2024/7/9,1286
184,Peter,13800000016,www.youtube.com,2024/11/23,1919
185,Quincy,13800000017,www.amazon.com,2025/1/7,2848
186,Rachel,13800000018,www.taobao.com,2024/8/28,2517
187,Steven,13800000019,www.bing.com,2025/2/26,972
188,Tina,13800000020,www.taobao.com,2024/6/25,1373
189,Victor,13800000021,www.amazon.com,2025/3/2,2620
190,Wendy,13800000022,www.bing.com,2024/12/16,1557
191,Xander,13800000023,www.xvideos.com,2025/2/11,2845
192,Yvonne,13800000024,www.google.com,2024/6/7,2078
193,Zack,13800000025,www.google.com,2024/11/21,933
194,Zoe,13800000026,www.xvideos.com,2024/4/7,2553
195,Zackary,13800000027,www.bing.com,2025/2/12,573
196,Zoe,13800000028,www.bing.com,2024/5/30,954
197,Zackary,13800000029,www.pornhub.com,2024/2/20,2399
198,Zoe,13800000030,www.bing.com,2024/1/24,2642
200,Alice,13800000001,www.google.com,2024/2/3,580
201,Bob,13800000002,www.pornhub.com,2024/10/18,1323
202,Charlie,13800000003,www.xvideos.com,2024/12/6,1661
203,David,13800000004,www.google.com,2024/2/24,1216
204,Eva,13800000005,www.google.com,2024/8/28,1463
205,Frank,13800000006,www.youtube.com,2024/10/16,692
206,Grace,13800000007,www.bing.com,2024/4/25,2426
207,Hannah,13800000008,www.google.com,2024/3/20,1922
208,Ian,13800000009,www.youtube.com,2025/3/6,2246
209,Julia,13800000010,www.amazon.com,2024/5/25,1830
210,Kevin,13800000011,www.amazon.com,2025/3/23,2310
211,Laura,13800000012,www.amazon.com,2024/6/3,1942
212,Michael,13800000013,www.pornhub.com,2024/10/24,2025
213,Nina,13800000014,www.google.com,2024/11/24,1112
214,Olivia,13800000015,www.google.com,2024/11/5,798
215,Peter,13800000016,www.amazon.com,2024/9/1,2820
216,Quincy,13800000017,www.google.com,2024/7/17,570
217,Rachel,13800000018,www.xvideos.com,2024/3/9,999
218,Steven,13800000019,www.bing.com,2024/3/23,1082
219,Tina,13800000020,www.amazon.com,2024/7/12,1075
220,Victor,13800000021,www.pornhub.com,2024/12/16,854
221,Wendy,13800000022,www.youtube.com,2024/11/7,820
222,Xander,13800000023,www.amazon.com,2024/10/24,1544
223,Yvonne,13800000024,www.taobao.com,2024/8/9,2917
224,Zack,13800000025,www.youtube.com,2024/1/24,720
225,Zoe,13800000026,www.taobao.com,2024/3/14,2870
226,Zackary,13800000027,www.taobao.com,2024/7/25,1674
227,Zoe,13800000028,www.google.com,2024/10/1,2954
228,Zackary,13800000029,www.google.com,2024/10/23,2678
229,Zoe,13800000030,www.youtube.com,2024/8/16,1031
231,Alice,13800000001,www.amazon.com,2024/9/12,2701
232,Bob,13800000002,www.xvideos.com,2024/1/22,557
233,Charlie,13800000003,www.pornhub.com,2024/12/31,632
234,David,13800000004,www.pornhub.com,2024/4/28,2088
235,Eva,13800000005,www.youtube.com,2024/2/27,1510
236,Frank,13800000006,www.amazon.com,2024/1/10,907
237,Grace,13800000007,www.xvideos.com,2024/5/8,833
238,Hannah,13800000008,www.xvideos.com,2024/12/12,1189
239,Ian,13800000009,www.google.com,2024/12/15,1623
240,Julia,13800000010,www.pornhub.com,2024/8/10,1800
241,Kevin,13800000011,www.taobao.com,2024/3/25,1669
242,Laura,13800000012,www.xvideos.com,2024/9/10,1455
243,Michael,13800000013,www.taobao.com,2024/3/6,2845
244,Nina,13800000014,www.taobao.com,2024/8/22,2381
245,Olivia,13800000015,www.taobao.com,2025/2/24,2669
246,Peter,13800000016,www.amazon.com,2024/6/23,769
247,Quincy,13800000017,www.youtube.com,2024/11/7,962
248,Rachel,13800000018,www.pornhub.com,2025/2/25,2753
249,Steven,13800000019,www.xvideos.com,2024/2/4,772
250,Tina,13800000020,www.youtube.com,2024/5/2,1441
251,Victor,13800000021,www.google.com,2024/5/13,1002
252,Wendy,13800000022,www.google.com,2024/1/30,2795
253,Xander,13800000023,www.youtube.com,2024/4/22,563
254,Yvonne,13800000024,www.youtube.com,2025/2/10,1110
255,Zack,13800000025,www.bing.com,2024/2/21,2626
256,Zoe,13800000026,www.pornhub.com,2024/1/18,1598
257,Zackary,13800000027,www.google.com,2024/2/10,994
258,Zoe,13800000028,www.xvideos.com,2024/1/13,2898
259,Zackary,13800000029,www.xvideos.com,2024/11/22,1496
260,Zoe,13800000030,www.pornhub.com,2024/2/23,2978
262,Alice,13800000001,www.google.com,2025/2/11,1087
263,Bob,13800000002,www.bing.com,2025/2/8,2605
264,Charlie,13800000003,www.amazon.com,2024/6/11,600
265,David,13800000004,www.google.com,2024/9/21,1647
266,Eva,13800000005,www.bing.com,2024/8/5,2125
267,Frank,13800000006,www.xvideos.com,2024/4/13,2039
268,Grace,13800000007,www.youtube.com,2024/3/25,2251
269,Hannah,13800000008,www.pornhub.com,2024/10/27,1533
270,Ian,13800000009,www.google.com,2024/5/14,865
271,Julia,13800000010,www.xvideos.com,2025/1/12,1864
272,Kevin,13800000011,www.taobao.com,2024/11/20,2304
273,Laura,13800000012,www.bing.com,2024/5/16,512
274,Michael,13800000013,www.google.com,2024/11/2,2796
275,Nina,13800000014,www.amazon.com,2024/4/15,1387
276,Olivia,13800000015,www.google.com,2024/6/19,1968
277,Peter,13800000016,www.xvideos.com,2024/6/24,1561
278,Quincy,13800000017,www.pornhub.com,2024/10/6,771
279,Rachel,13800000018,www.xvideos.com,2024/5/8,1088
280,Steven,13800000019,www.youtube.com,2025/3/26,2714
281,Tina,13800000020,www.bing.com,2024/12/31,1754
282,Victor,13800000021,www.google.com,2024/2/26,1096
283,Wendy,13800000022,www.xvideos.com,2024/7/3,1838
284,Xander,13800000023,www.bing.com,2024/12/15,1455
285,Yvonne,13800000024,www.amazon.com,2025/4/4,780
286,Zack,13800000025,www.bing.com,2024/8/3,2152
287,Zoe,13800000026,www.pornhub.com,2024/8/21,2612
288,Zackary,13800000027,www.amazon.com,2025/3/22,2374
289,Zoe,13800000028,www.xvideos.com,2025/3/5,889
290,Zackary,13800000029,www.pornhub.com,2024/7/19,1089
291,Zoe,13800000030,www.pornhub.com,2024/10/29,2163
293,Alice,13800000001,www.xvideos.com,2024/6/8,1914
294,Bob,13800000002,www.xvideos.com,2024/4/22,2632
295,Charlie,13800000003,www.bing.com,2024/2/20,2867
296,David,13800000004,www.youtube.com,2024/3/28,2342
297,Eva,13800000005,www.google.com,2024/6/7,1468
298,Frank,13800000006,www.pornhub.com,2024/6/16,768
299,Grace,13800000007,www.bing.com,2025/2/13,813
300,Hannah,13800000008,www.pornhub.com,2024/7/3,850
301,Ian,13800000009,www.bing.com,2024/1/31,2589
302,Julia,13800000010,www.pornhub.com,2024/7/3,656
303,Kevin,13800000011,www.google.com,2024/6/11,1594
304,Laura,13800000012,www.google.com,2024/6/7,1326
305,Michael,13800000013,www.amazon.com,2024/2/15,2088
306,Nina,13800000014,www.pornhub.com,2024/8/21,2725
307,Olivia,13800000015,www.pornhub.com,2025/3/21,640
308,Peter,13800000016,www.youtube.com,2024/11/25,1630
309,Quincy,13800000017,www.google.com,2024/4/1,2149
310,Rachel,13800000018,www.amazon.com,2024/9/5,1971
311,Steven,13800000019,www.youtube.com,2025/1/25,1197
312,Tina,13800000020,www.xvideos.com,2024/6/30,1588
313,Victor,13800000021,www.pornhub.com,2024/10/28,1256
314,Wendy,13800000022,www.bing.com,2025/1/11,1645
315,Xander,13800000023,www.xvideos.com,2025/1/2,1727
316,Yvonne,13800000024,www.google.com,2025/1/11,2792
317,Zack,13800000025,www.google.com,2025/2/17,756
318,Zoe,13800000026,www.xvideos.com,2024/12/24,1603
319,Zackary,13800000027,www.pornhub.com,2024/1/14,1835
320,Zoe,13800000028,www.amazon.com,2024/5/26,2590
321,Zackary,13800000029,www.taobao.com,2024/10/16,1658
322,Zoe,13800000030,www.bing.com,2024/12/15,1771
324,Alice,13800000001,www.youtube.com,2024/11/22,1991
325,Bob,13800000002,www.xvideos.com,2024/8/6,2537
326,Charlie,13800000003,www.amazon.com,2025/1/6,721
327,David,13800000004,www.google.com,2025/1/15,697
328,Eva,13800000005,www.pornhub.com,2024/6/3,2829
329,Frank,13800000006,www.amazon.com,2024/8/4,1493
330,Grace,13800000007,www.amazon.com,2024/11/5,2105
331,Hannah,13800000008,www.taobao.com,2024/1/20,2076
332,Ian,13800000009,www.google.com,2024/4/18,746
333,Julia,13800000010,www.xvideos.com,2024/10/24,2665
334,Kevin,13800000011,www.youtube.com,2024/6/14,2063
335,Laura,13800000012,www.google.com,2024/6/13,2108
336,Michael,13800000013,www.taobao.com,2025/1/5,1974
337,Nina,13800000014,www.bing.com,2025/2/8,2514
338,Olivia,13800000015,www.youtube.com,2024/9/7,1860
339,Peter,13800000016,www.google.com,2025/1/5,2422
340,Quincy,13800000017,www.youtube.com,2025/1/11,2535
341,Rachel,13800000018,www.amazon.com,2024/10/25,1475
342,Steven,13800000019,www.google.com,2025/1/23,1033
343,Tina,13800000020,www.bing.com,2024/1/13,1834
344,Victor,13800000021,www.amazon.com,2024/6/7,2894
345,Wendy,13800000022,www.xvideos.com,2025/2/13,987
346,Xander,13800000023,www.youtube.com,2025/3/3,2337
347,Yvonne,13800000024,www.pornhub.com,2024/4/22,1876
348,Zack,13800000025,www.google.com,2024/7/27,998
349,Zoe,13800000026,www.amazon.com,2024/10/2,680
350,Zackary,13800000027,www.bing.com,2024/10/10,1456
351,Zoe,13800000028,www.google.com,2024/3/19,2154
352,Zackary,13800000029,www.xvideos.com,2024/1/2,2063
353,Zoe,13800000030,www.google.com,2024/11/18,896
355,Alice,13800000001,www.youtube.com,2024/1/4,2710
356,Bob,13800000002,www.youtube.com,2024/6/1,1677
357,Charlie,13800000003,www.youtube.com,2024/6/23,2546
358,David,13800000004,www.pornhub.com,2024/5/30,2424
359,Eva,13800000005,www.pornhub.com,2024/1/9,1735
360,Frank,13800000006,www.youtube.com,2024/10/1,2329
361,Grace,13800000007,www.pornhub.com,2024/3/15,986
362,Hannah,13800000008,www.bing.com,2025/1/28,2538
363,Ian,13800000009,www.bing.com,2024/2/16,2953
364,Julia,13800000010,www.amazon.com,2024/1/28,1750
365,Kevin,13800000011,www.youtube.com,2024/2/14,1803
366,Laura,13800000012,www.youtube.com,2024/1/14,985
367,Michael,13800000013,www.pornhub.com,2025/1/11,1639
368,Nina,13800000014,www.xvideos.com,2024/12/3,1017
369,Olivia,13800000015,www.xvideos.com,2024/9/10,1119
370,Peter,13800000016,www.amazon.com,2024/4/3,1124
371,Quincy,13800000017,www.amazon.com,2024/7/20,1200
372,Rachel,13800000018,www.google.com,2024/9/27,2198
373,Steven,13800000019,www.amazon.com,2024/3/3,2430
374,Tina,13800000020,www.bing.com,2025/3/17,1575
375,Victor,13800000021,www.taobao.com,2024/2/6,1939
376,Wendy,13800000022,www.amazon.com,2024/8/7,1653
377,Xander,13800000023,www.pornhub.com,2025/4/3,1396
378,Yvonne,13800000024,www.xvideos.com,2025/3/3,1109
379,Zack,13800000025,www.bing.com,2024/7/14,2582
380,Zoe,13800000026,www.pornhub.com,2025/3/10,650
381,Zackary,13800000027,www.bing.com,2024/3/5,1283
382,Zoe,13800000028,www.google.com,2024/12/22,1605
383,Zackary,13800000029,www.pornhub.com,2024/2/23,2788
384,Zoe,13800000030,www.taobao.com,2024/6/29,1195
386,Alice,13800000001,www.pornhub.com,2024/5/26,2148
387,Bob,13800000002,www.youtube.com,2024/11/27,1971
388,Charlie,13800000003,www.xvideos.com,2024/2/25,1190
389,David,13800000004,www.google.com,2024/4/25,1018
390,Eva,13800000005,www.taobao.com,2025/1/3,872
391,Frank,13800000006,www.youtube.com,2024/5/2,1267
392,Grace,13800000007,www.xvideos.com,2024/12/11,1874
393,Hannah,13800000008,www.bing.com,2025/1/20,2233
394,Ian,13800000009,www.pornhub.com,2024/11/18,2096
395,Julia,13800000010,www.google.com,2024/8/29,1402
396,Kevin,13800000011,www.taobao.com,2024/1/30,2085
397,Laura,13800000012,www.pornhub.com,2025/3/29,2998
398,Michael,13800000013,www.google.com,2024/3/28,2586
399,Nina,13800000014,www.amazon.com,2024/8/25,2432
400,Olivia,13800000015,www.youtube.com,2024/4/26,1295
401,Peter,13800000016,www.xvideos.com,2024/4/9,1956
402,Quincy,13800000017,www.taobao.com,2024/9/15,569
403,Rachel,13800000018,www.bing.com,2024/3/19,1747
404,Steven,13800000019,www.pornhub.com,2024/7/13,907
405,Tina,13800000020,www.bing.com,2024/4/20,1911
406,Victor,13800000021,www.google.com,2025/1/10,2438
407,Wendy,13800000022,www.youtube.com,2025/1/7,2429
408,Xander,13800000023,www.youtube.com,2025/1/10,2503
409,Yvonne,13800000024,www.bing.com,2024/6/28,1186
410,Zack,13800000025,www.taobao.com,2024/3/27,1338
411,Zoe,13800000026,www.google.com,2024/9/10,1559
412,Zackary,13800000027,www.bing.com,2024/1/23,2632
413,Zoe,13800000028,www.google.com,2024/1/16,2526
414,Zackary,13800000029,www.pornhub.com,2024/6/4,2565
415,Zoe,13800000030,www.google.com,2024/2/20,994
417,Alice,13800000001,www.bing.com,2024/1/26,2010
418,Bob,13800000002,www.xvideos.com,2024/7/28,2283
419,Charlie,13800000003,www.taobao.com,2025/2/4,2363
420,David,13800000004,www.google.com,2024/6/7,1434
421,Eva,13800000005,www.xvideos.com,2024/1/26,2421
422,Frank,13800000006,www.amazon.com,2024/2/8,1472
423,Grace,13800000007,www.amazon.com,2024/5/13,1433
424,Hannah,13800000008,www.pornhub.com,2025/2/5,1430
425,Ian,13800000009,www.taobao.com,2024/2/8,2237
426,Julia,13800000010,www.taobao.com,2024/1/21,1854
427,Kevin,13800000011,www.amazon.com,2024/4/30,1934
428,Laura,13800000012,www.google.com,2024/11/22,1217
429,Michael,13800000013,www.youtube.com,2024/11/8,1683
430,Nina,13800000014,www.youtube.com,2024/4/12,826
431,Olivia,13800000015,www.pornhub.com,2024/8/29,2186
432,Peter,13800000016,www.xvideos.com,2025/3/20,1590
433,Quincy,13800000017,www.taobao.com,2024/2/20,2244
434,Rachel,13800000018,www.taobao.com,2024/11/19,589
435,Steven,13800000019,www.google.com,2024/4/24,570
436,Tina,13800000020,www.youtube.com,2025/2/14,1195
437,Victor,13800000021,www.amazon.com,2024/11/30,1758
438,Wendy,13800000022,www.youtube.com,2024/3/8,2357
439,Xander,13800000023,www.taobao.com,2024/3/3,2662
440,Yvonne,13800000024,www.pornhub.com,2025/3/23,818
441,Zack,13800000025,www.xvideos.com,2024/4/1,2619
442,Zoe,13800000026,www.amazon.com,2024/10/31,1467
443,Zackary,13800000027,www.pornhub.com,2024/9/26,700
444,Zoe,13800000028,www.amazon.com,2025/3/25,2880
445,Zackary,13800000029,www.xvideos.com,2024/5/18,523
446,Zoe,13800000030,www.taobao.com,2024/11/16,612
448,Alice,13800000001,www.taobao.com,2025/2/11,2344
449,Bob,13800000002,www.google.com,2025/3/17,2247
450,Charlie,13800000003,www.amazon.com,2025/3/19,2968
451,David,13800000004,www.google.com,2024/4/25,818
452,Eva,13800000005,www.pornhub.com,2024/1/17,1816
453,Frank,13800000006,www.bing.com,2024/1/24,2203
454,Grace,13800000007,www.taobao.com,2024/4/5,1207
455,Hannah,13800000008,www.xvideos.com,2024/2/28,1116
456,Ian,13800000009,www.xvideos.com,2024/8/31,716
457,Julia,13800000010,www.xvideos.com,2025/3/18,1199
458,Kevin,13800000011,www.bing.com,2024/11/23,576
459,Laura,13800000012,www.google.com,2025/3/30,2729
460,Michael,13800000013,www.bing.com,2025/1/2,1776
461,Nina,13800000014,www.taobao.com,2024/4/25,2468
462,Olivia,13800000015,www.taobao.com,2024/9/10,1029
463,Peter,13800000016,www.youtube.com,2024/6/21,2177
464,Quincy,13800000017,www.taobao.com,2024/2/28,2880
465,Rachel,13800000018,www.youtube.com,2024/1/20,675
466,Steven,13800000019,www.taobao.com,2025/2/25,2771
467,Tina,13800000020,www.xvideos.com,2024/4/16,2454
468,Victor,13800000021,www.taobao.com,2024/12/3,561
469,Wendy,13800000022,www.pornhub.com,2024/8/29,2656
470,Xander,13800000023,www.xvideos.com,2024/2/21,1346
471,Yvonne,13800000024,www.youtube.com,2024/12/23,2526
472,Zack,13800000025,www.xvideos.com,2024/3/20,2259
473,Zoe,13800000026,www.pornhub.com,2025/2/8,1512
474,Zackary,13800000027,www.youtube.com,2024/11/22,1474
475,Zoe,13800000028,www.xvideos.com,2025/3/11,1155
476,Zackary,13800000029,www.bing.com,2024/9/20,1619
477,Zoe,13800000030,www.bing.com,2024/4/30,2356
479,Alice,13800000001,www.pornhub.com,2024/7/12,1280
480,Bob,13800000002,www.youtube.com,2024/9/18,2843
481,Charlie,13800000003,www.pornhub.com,2024/2/18,1937
482,David,13800000004,www.bing.com,2024/2/4,2228
483,Eva,13800000005,www.taobao.com,2024/2/15,2481
484,Frank,13800000006,www.amazon.com,2025/3/10,2323
485,Grace,13800000007,www.xvideos.com,2025/2/9,2913
486,Hannah,13800000008,www.taobao.com,2024/1/10,1870
487,Ian,13800000009,www.amazon.com,2024/12/20,2501
488,Julia,13800000010,www.amazon.com,2024/1/30,1096
489,Kevin,13800000011,www.google.com,2024/5/17,1712
490,Laura,13800000012,www.bing.com,2024/3/28,1404
491,Michael,13800000013,www.taobao.com,2024/2/22,2618
492,Nina,13800000014,www.pornhub.com,2025/3/8,518
493,Olivia,13800000015,www.taobao.com,2024/2/3,2262
494,Peter,13800000016,www.youtube.com,2024/7/15,1024
495,Quincy,13800000017,www.xvideos.com,2024/4/7,2377
496,Rachel,13800000018,www.google.com,2024/6/13,1553
497,Steven,13800000019,www.google.com,2025/2/22,1615
498,Tina,13800000020,www.bing.com,2024/3/14,1250
499,Victor,13800000021,www.google.com,2024/4/4,2905
500,Wendy,13800000022,www.taobao.com,2024/2/11,2672
501,Xander,13800000023,www.google.com,2024/12/13,1889
502,Yvonne,13800000024,www.bing.com,2025/2/20,2963
503,Zack,13800000025,www.taobao.com,2024/2/13,2602
504,Zoe,13800000026,www.pornhub.com,2024/2/9,2154
505,Zackary,13800000027,www.google.com,2024/5/7,1065
506,Zoe,13800000028,www.youtube.com,2025/1/14,1050
507,Zackary,13800000029,www.amazon.com,2024/8/7,1755
508,Zoe,13800000030,www.google.com,2025/2/15,1088
510,Alice,13800000001,www.xvideos.com,2024/6/23,1612
511,Bob,13800000002,www.google.com,2024/2/22,1257
512,Charlie,13800000003,www.taobao.com,2025/3/12,1075
513,David,13800000004,www.youtube.com,2025/1/16,1083
514,Eva,13800000005,www.amazon.com,2024/11/19,1679
515,Frank,13800000006,www.taobao.com,2025/1/20,1589
516,Grace,13800000007,www.amazon.com,2024/1/11,797
517,Hannah,13800000008,www.bing.com,2024/5/3,2423
518,Ian,13800000009,www.google.com,2025/2/13,1323
519,Julia,13800000010,www.pornhub.com,2025/2/17,1912
520,Kevin,13800000011,www.google.com,2025/3/7,1276
521,Laura,13800000012,www.xvideos.com,2024/12/16,1985
522,Michael,13800000013,www.amazon.com,2024/10/21,859
523,Nina,13800000014,www.xvideos.com,2024/9/21,1688
524,Olivia,13800000015,www.amazon.com,2025/1/11,868
525,Peter,13800000016,www.taobao.com,2025/3/15,2849
526,Quincy,13800000017,www.xvideos.com,2024/6/4,994
527,Rachel,13800000018,www.pornhub.com,2024/5/6,1625
528,Steven,13800000019,www.youtube.com,2024/12/28,2153
529,Tina,13800000020,www.pornhub.com,2024/11/25,2414
530,Victor,13800000021,www.amazon.com,2024/2/9,1492
531,Wendy,13800000022,www.xvideos.com,2024/7/29,735
532,Xander,13800000023,www.google.com,2024/4/11,2502
533,Yvonne,13800000024,www.youtube.com,2024/5/25,1883
534,Zack,13800000025,www.xvideos.com,2024/7/11,2120
535,Zoe,13800000026,www.pornhub.com,2025/3/22,2751
536,Zackary,13800000027,www.amazon.com,2024/5/1,1850
537,Zoe,13800000028,www.pornhub.com,2025/3/1,2733
538,Zackary,13800000029,www.amazon.com,2024/12/31,2717
539,Zoe,13800000030,www.google.com,2024/10/2,2597
541,Alice,13800000001,www.google.com,2024/1/10,2996
542,Bob,13800000002,www.pornhub.com,2024/10/28,1724
543,Charlie,13800000003,www.bing.com,2025/3/4,1032
544,David,13800000004,www.taobao.com,2024/12/1,2573
545,Eva,13800000005,www.pornhub.com,2024/5/15,2015
546,Frank,13800000006,www.taobao.com,2025/2/21,766
547,Grace,13800000007,www.xvideos.com,2024/11/26,918
548,Hannah,13800000008,www.amazon.com,2025/2/23,1774
549,Ian,13800000009,www.xvideos.com,2024/9/7,1201
550,Julia,13800000010,www.xvideos.com,2025/4/1,2156
551,Kevin,13800000011,www.youtube.com,2024/11/14,1625
552,Laura,13800000012,www.taobao.com,2024/8/31,808
553,Michael,13800000013,www.google.com,2024/12/14,2274
554,Nina,13800000014,www.taobao.com,2024/4/28,1636
555,Olivia,13800000015,www.bing.com,2024/3/6,1026
556,Peter,13800000016,www.amazon.com,2024/8/11,1907
557,Quincy,13800000017,www.youtube.com,2024/2/10,1422
558,Rachel,13800000018,www.amazon.com,2025/1/9,1304
559,Steven,13800000019,www.taobao.com,2025/1/27,2439
560,Tina,13800000020,www.youtube.com,2024/5/1,1425
561,Victor,13800000021,www.google.com,2024/3/19,2204
562,Wendy,13800000022,www.pornhub.com,2024/7/25,1876
563,Xander,13800000023,www.youtube.com,2024/6/18,2074
564,Yvonne,13800000024,www.google.com,2024/5/31,1797
565,Zack,13800000025,www.amazon.com,2024/8/1,1774
566,Zoe,13800000026,www.taobao.com,2024/4/23,2428
567,Zackary,13800000027,www.google.com,2024/4/29,2889
568,Zoe,13800000028,www.pornhub.com,2024/2/26,2056
569,Zackary,13800000029,www.xvideos.com,2025/1/26,550
570,Zoe,13800000030,www.bing.com,2024/11/14,2515
572,Alice,13800000001,www.bing.com,2025/1/14,2430
573,Bob,13800000002,www.youtube.com,2024/10/4,2672
574,Charlie,13800000003,www.bing.com,2024/1/23,2135
575,David,13800000004,www.google.com,2024/10/24,2666
576,Eva,13800000005,www.youtube.com,2024/6/18,2146
577,Frank,13800000006,www.taobao.com,2025/3/23,1240
578,Grace,13800000007,www.bing.com,2025/2/25,2756
579,Hannah,13800000008,www.xvideos.com,2024/2/17,1064
580,Ian,13800000009,www.xvideos.com,2024/7/16,2217
581,Julia,13800000010,www.taobao.com,2024/10/31,2697
582,Kevin,13800000011,www.youtube.com,2024/6/30,2392
583,Laura,13800000012,www.amazon.com,2024/11/29,2567
584,Michael,13800000013,www.pornhub.com,2024/5/26,2286
585,Nina,13800000014,www.amazon.com,2025/3/7,2612
586,Olivia,13800000015,www.youtube.com,2024/8/20,1261
587,Peter,13800000016,www.google.com,2024/2/21,1865
588,Quincy,13800000017,www.youtube.com,2024/6/2,1720
589,Rachel,13800000018,www.bing.com,2024/11/30,1294
590,Steven,13800000019,www.youtube.com,2024/2/13,1102
591,Tina,13800000020,www.pornhub.com,2025/2/15,2250
592,Victor,13800000021,www.xvideos.com,2025/3/31,1746
593,Wendy,13800000022,www.bing.com,2024/2/19,2935
594,Xander,13800000023,www.bing.com,2025/1/15,1715
595,Yvonne,13800000024,www.pornhub.com,2024/5/12,1979
596,Zack,13800000025,www.google.com,2024/11/17,1015
597,Zoe,13800000026,www.pornhub.com,2024/2/1,1830
598,Zackary,13800000027,www.bing.com,2024/11/6,538
599,Zoe,13800000028,www.google.com,2024/4/4,2685
600,Zackary,13800000029,www.xvideos.com,2024/3/12,1778
601,Zoe,13800000030,www.google.com,2025/2/25,1273
603,Alice,13800000001,www.taobao.com,2024/8/15,2648
604,Bob,13800000002,www.xvideos.com,2024/8/4,2813
605,Charlie,13800000003,www.taobao.com,2024/5/15,2585
606,David,13800000004,www.taobao.com,2025/2/27,2368
607,Eva,13800000005,www.pornhub.com,2024/10/20,1146
608,Frank,13800000006,www.youtube.com,2024/2/29,1759
609,Grace,13800000007,www.google.com,2024/3/6,1294
610,Hannah,13800000008,www.taobao.com,2025/1/31,2555
611,Ian,13800000009,www.bing.com,2024/3/11,994
612,Julia,13800000010,www.bing.com,2024/1/21,2096
613,Kevin,13800000011,www.google.com,2024/6/25,2348
614,Laura,13800000012,www.bing.com,2024/8/23,2801
615,Michael,13800000013,www.google.com,2024/9/22,2201
616,Nina,13800000014,www.amazon.com,2024/5/26,1940
617,Olivia,13800000015,www.pornhub.com,2025/2/18,2322
618,Peter,13800000016,www.pornhub.com,2024/8/27,2435
619,Quincy,13800000017,www.youtube.com,2024/4/20,1147
620,Rachel,13800000018,www.amazon.com,2024/2/21,2566
621,Steven,13800000019,www.xvideos.com,2024/8/20,842
622,Tina,13800000020,www.taobao.com,2024/7/15,2083
623,Victor,13800000021,www.pornhub.com,2024/8/30,2937
624,Wendy,13800000022,www.youtube.com,2024/9/14,2761
625,Xander,13800000023,www.xvideos.com,2024/8/26,635
626,Yvonne,13800000024,www.amazon.com,2024/7/6,2749
627,Zack,13800000025,www.taobao.com,2024/11/3,1808
628,Zoe,13800000026,www.amazon.com,2024/8/9,1931
629,Zackary,13800000027,www.youtube.com,2024/6/29,2233
630,Zoe,13800000028,www.youtube.com,2024/6/23,541
631,Zackary,13800000029,www.pornhub.com,2024/11/14,2031
632,Zoe,13800000030,www.pornhub.com,2024/2/18,1910
634,Alice,13800000001,www.google.com,2024/1/10,2954
635,Bob,13800000002,www.xvideos.com,2024/5/4,2563
636,Charlie,13800000003,www.youtube.com,2024/2/12,1801
637,David,13800000004,www.youtube.com,2024/2/1,1404
638,Eva,13800000005,www.amazon.com,2025/3/9,2726
639,Frank,13800000006,www.amazon.com,2024/8/4,1672
640,Grace,13800000007,www.pornhub.com,2024/4/27,1687
641,Hannah,13800000008,www.amazon.com,2024/10/20,1375
642,Ian,13800000009,www.xvideos.com,2024/3/6,987
643,Julia,13800000010,www.bing.com,2024/3/13,855
644,Kevin,13800000011,www.taobao.com,2024/12/16,738
645,Laura,13800000012,www.taobao.com,2024/11/7,2511
646,Michael,13800000013,www.pornhub.com,2024/9/12,2481
647,Nina,13800000014,www.youtube.com,2024/2/23,2209
648,Olivia,13800000015,www.google.com,2024/5/17,1221
649,Peter,13800000016,www.bing.com,2025/1/28,2100
650,Quincy,13800000017,www.amazon.com,2024/5/4,1585
651,Rachel,13800000018,www.youtube.com,2024/8/22,1645
652,Steven,13800000019,www.xvideos.com,2024/7/24,2855
653,Tina,13800000020,www.youtube.com,2024/1/12,539
654,Victor,13800000021,www.google.com,2025/3/19,2537
655,Wendy,13800000022,www.taobao.com,2024/8/2,2465
656,Xander,13800000023,www.bing.com,2024/5/17,2740
657,Yvonne,13800000024,www.amazon.com,2024/4/24,1696
658,Zack,13800000025,www.amazon.com,2025/1/4,685
659,Zoe,13800000026,www.pornhub.com,2024/9/24,572
660,Zackary,13800000027,www.youtube.com,2025/2/19,1314
661,Zoe,13800000028,www.pornhub.com,2024/10/7,1228
662,Zackary,13800000029,www.amazon.com,2024/5/10,1799
663,Zoe,13800000030,www.xvideos.com,2024/3/30,2309
665,Alice,13800000001,www.youtube.com,2024/3/31,2676
666,Bob,13800000002,www.xvideos.com,2024/4/4,2339
667,Charlie,13800000003,www.google.com,2024/2/18,1354
668,David,13800000004,www.youtube.com,2025/3/2,1670
669,Eva,13800000005,www.bing.com,2024/6/25,1116
670,Frank,13800000006,www.google.com,2024/11/2,726
671,Grace,13800000007,www.bing.com,2025/3/31,1973
672,Hannah,13800000008,www.pornhub.com,2024/2/28,2243
673,Ian,13800000009,www.google.com,2024/7/21,2693
674,Julia,13800000010,www.google.com,2024/11/24,1405
675,Kevin,13800000011,www.amazon.com,2024/4/29,1237
676,Laura,13800000012,www.amazon.com,2024/9/23,2553
677,Michael,13800000013,www.youtube.com,2024/6/18,2360
678,Nina,13800000014,www.amazon.com,2025/1/22,1411
679,Olivia,13800000015,www.youtube.com,2024/6/30,690
680,Peter,13800000016,www.taobao.com,2024/12/20,1129
681,Quincy,13800000017,www.pornhub.com,2025/3/28,678
682,Rachel,13800000018,www.youtube.com,2025/1/16,2804
683,Steven,13800000019,www.google.com,2025/1/20,2567
684,Tina,13800000020,www.amazon.com,2024/10/14,1154
685,Victor,13800000021,www.bing.com,2024/6/26,2065
686,Wendy,13800000022,www.pornhub.com,2025/3/31,584
687,Xander,13800000023,www.taobao.com,2025/2/7,2486
688,Yvonne,13800000024,www.youtube.com,2024/6/3,2111
689,Zack,13800000025,www.taobao.com,2024/3/12,807
690,Zoe,13800000026,www.taobao.com,2024/6/20,1554
691,Zackary,13800000027,www.pornhub.com,2024/11/8,1566
692,Zoe,13800000028,www.google.com,2024/4/5,2367
693,Zackary,13800000029,www.google.com,2024/5/24,1092
694,Zoe,13800000030,www.taobao.com,2024/8/19,2472
696,Alice,13800000001,www.bing.com,2024/12/8,570
697,Bob,13800000002,www.pornhub.com,2024/7/25,1810
698,Charlie,13800000003,www.taobao.com,2025/1/2,924
699,David,13800000004,www.bing.com,2024/12/14,1568
700,Eva,13800000005,www.pornhub.com,2024/1/17,1983
701,Frank,13800000006,www.xvideos.com,2024/8/17,2813
702,Grace,13800000007,www.google.com,2025/2/9,525
703,Hannah,13800000008,www.youtube.com,2024/1/4,2547
704,Ian,13800000009,www.google.com,2025/2/13,1106
705,Julia,13800000010,www.bing.com,2025/3/30,1271
706,Kevin,13800000011,www.amazon.com,2025/3/24,829
707,Laura,13800000012,www.xvideos.com,2024/5/10,1038
708,Michael,13800000013,www.taobao.com,2024/8/4,2205
709,Nina,13800000014,www.pornhub.com,2025/3/12,2362
710,Olivia,13800000015,www.pornhub.com,2024/3/18,992
711,Peter,13800000016,www.bing.com,2025/1/11,2114
712,Quincy,13800000017,www.xvideos.com,2025/3/5,1359
713,Rachel,13800000018,www.pornhub.com,2024/9/17,680
714,Steven,13800000019,www.amazon.com,2024/2/15,1764
715,Tina,13800000020,www.taobao.com,2024/10/22,1783
716,Victor,13800000021,www.amazon.com,2024/11/2,1517
717,Wendy,13800000022,www.google.com,2025/3/18,2239
718,Xander,13800000023,www.amazon.com,2025/2/15,2219
719,Yvonne,13800000024,www.xvideos.com,2024/11/18,1118
720,Zack,13800000025,www.google.com,2025/2/27,1017
721,Zoe,13800000026,www.taobao.com,2024/12/7,2727
722,Zackary,13800000027,www.taobao.com,2024/8/6,2224
723,Zoe,13800000028,www.google.com,2024/1/19,841
724,Zackary,13800000029,www.bing.com,2024/6/30,1222
725,Zoe,13800000030,www.taobao.com,2024/7/22,1555
727,Alice,13800000001,www.taobao.com,2024/10/6,1795
728,Bob,13800000002,www.xvideos.com,2024/5/11,814
729,Charlie,13800000003,www.xvideos.com,2024/8/8,706
730,David,13800000004,www.pornhub.com,2024/10/14,1004
731,Eva,13800000005,www.google.com,2024/1/31,2815
732,Frank,13800000006,www.bing.com,2024/6/26,2085
733,Grace,13800000007,www.google.com,2024/3/11,2337
734,Hannah,13800000008,www.taobao.com,2025/2/2,2222
735,Ian,13800000009,www.xvideos.com,2024/3/14,1164
736,Julia,13800000010,www.xvideos.com,2024/7/21,2141
737,Kevin,13800000011,www.pornhub.com,2025/1/26,1408
738,Laura,13800000012,www.taobao.com,2024/4/13,1336
739,Michael,13800000013,www.pornhub.com,2025/3/30,2860
740,Nina,13800000014,www.xvideos.com,2025/3/16,1780
741,Olivia,13800000015,www.amazon.com,2025/2/21,1690
742,Peter,13800000016,www.amazon.com,2025/1/23,1153
743,Quincy,13800000017,www.xvideos.com,2024/2/4,649
744,Rachel,13800000018,www.google.com,2024/3/29,2336
745,Steven,13800000019,www.google.com,2024/5/13,877
746,Tina,13800000020,www.pornhub.com,2025/3/27,1109
747,Victor,13800000021,www.taobao.com,2024/10/25,1530
748,Wendy,13800000022,www.google.com,2024/6/11,1524
749,Xander,13800000023,www.pornhub.com,2024/11/29,2132
750,Yvonne,13800000024,www.google.com,2024/8/11,904
751,Zack,13800000025,www.youtube.com,2024/5/6,1295
752,Zoe,13800000026,www.xvideos.com,2025/2/6,704
753,Zackary,13800000027,www.xvideos.com,2024/11/1,2924
754,Zoe,13800000028,www.pornhub.com,2024/6/29,1460
755,Zackary,13800000029,www.xvideos.com,2024/9/12,1869
756,Zoe,13800000030,www.google.com,2024/12/4,1635
758,Alice,13800000001,www.xvideos.com,2024/4/23,2168
759,Bob,13800000002,www.amazon.com,2025/3/23,700
760,Charlie,13800000003,www.bing.com,2024/3/16,1454
761,David,13800000004,www.youtube.com,2025/2/28,1441
762,Eva,13800000005,www.google.com,2024/7/18,2574
763,Frank,13800000006,www.xvideos.com,2024/12/10,1004
764,Grace,13800000007,www.xvideos.com,2024/4/5,2368
765,Hannah,13800000008,www.google.com,2024/6/3,1340
766,Ian,13800000009,www.amazon.com,2024/6/8,2298
767,Julia,13800000010,www.bing.com,2024/10/15,1673
768,Kevin,13800000011,www.bing.com,2025/2/19,815
769,Laura,13800000012,www.pornhub.com,2024/4/20,1584
770,Michael,13800000013,www.bing.com,2025/3/2,1247
771,Nina,13800000014,www.amazon.com,2024/11/3,1013
772,Olivia,13800000015,www.google.com,2024/8/11,1411
773,Peter,13800000016,www.youtube.com,2024/12/9,2066
774,Quincy,13800000017,www.pornhub.com,2024/10/1,1233
775,Rachel,13800000018,www.amazon.com,2024/8/26,1872
776,Steven,13800000019,www.taobao.com,2024/5/25,507
777,Tina,13800000020,www.google.com,2024/5/28,1533
778,Victor,13800000021,www.google.com,2024/4/28,2964
779,Wendy,13800000022,www.taobao.com,2025/1/20,2275
780,Xander,13800000023,www.google.com,2024/1/30,1020
781,Yvonne,13800000024,www.xvideos.com,2024/10/4,1705
782,Zack,13800000025,www.amazon.com,2024/9/10,2899
783,Zoe,13800000026,www.taobao.com,2025/1/22,2443
784,Zackary,13800000027,www.youtube.com,2024/8/3,1152
785,Zoe,13800000028,www.pornhub.com,2024/11/25,2701
786,Zackary,13800000029,www.taobao.com,2024/10/18,1511
787,Zoe,13800000030,www.google.com,2024/6/30,2016
789,Alice,13800000001,www.youtube.com,2024/10/14,568
790,Bob,13800000002,www.taobao.com,2024/4/22,1576
791,Charlie,13800000003,www.youtube.com,2024/12/28,2234
792,David,13800000004,www.google.com,2024/7/21,2717
793,Eva,13800000005,www.google.com,2025/2/24,1072
794,Frank,13800000006,www.youtube.com,2024/5/24,1425
795,Grace,13800000007,www.pornhub.com,2024/7/16,1559
796,Hannah,13800000008,www.xvideos.com,2025/2/10,2810
797,Ian,13800000009,www.pornhub.com,2024/2/6,1725
798,Julia,13800000010,www.taobao.com,2024/9/21,1125
799,Kevin,13800000011,www.bing.com,2025/2/5,2475
800,Laura,13800000012,www.youtube.com,2024/5/12,1613
801,Michael,13800000013,www.youtube.com,2024/8/7,1243
802,Nina,13800000014,www.google.com,2024/6/28,2441
803,Olivia,13800000015,www.xvideos.com,2024/4/24,748
804,Peter,13800000016,www.xvideos.com,2024/7/23,2951
805,Quincy,13800000017,www.bing.com,2025/2/13,2376
806,Rachel,13800000018,www.google.com,2024/3/15,1903
807,Steven,13800000019,www.youtube.com,2025/3/1,2142
808,Tina,13800000020,www.bing.com,2024/9/27,1510
809,Victor,13800000021,www.taobao.com,2024/2/4,2013
810,Wendy,13800000022,www.xvideos.com,2024/3/24,1779
811,Xander,13800000023,www.google.com,2024/8/29,1967
812,Yvonne,13800000024,www.youtube.com,2024/1/22,871
813,Zack,13800000025,www.amazon.com,2024/9/18,591
814,Zoe,13800000026,www.bing.com,2024/5/4,2812
815,Zackary,13800000027,www.xvideos.com,2024/5/12,506
816,Zoe,13800000028,www.taobao.com,2024/12/4,1088
817,Zackary,13800000029,www.pornhub.com,2024/3/2,2401
818,Zoe,13800000030,www.youtube.com,2024/12/5,1696
820,Alice,13800000001,www.google.com,2024/2/16,904
821,Bob,13800000002,www.bing.com,2024/1/26,2373
822,Charlie,13800000003,www.amazon.com,2024/11/4,2005
823,David,13800000004,www.pornhub.com,2024/3/26,2845
824,Eva,13800000005,www.google.com,2025/1/20,2499
825,Frank,13800000006,www.bing.com,2024/1/12,2166
826,Grace,13800000007,www.taobao.com,2024/5/18,2301
827,Hannah,13800000008,www.amazon.com,2024/6/11,2143
828,Ian,13800000009,www.taobao.com,2024/3/14,803
829,Julia,13800000010,www.google.com,2024/5/3,2915
830,Kevin,13800000011,www.google.com,2024/4/11,569
831,Laura,13800000012,www.bing.com,2024/5/26,869
832,Michael,13800000013,www.xvideos.com,2024/8/9,637
833,Nina,13800000014,www.xvideos.com,2025/3/27,1556
834,Olivia,13800000015,www.taobao.com,2024/9/15,1272
835,Peter,13800000016,www.pornhub.com,2024/6/24,1298
836,Quincy,13800000017,www.bing.com,2024/5/25,1043
837,Rachel,13800000018,www.google.com,2024/1/16,2383
838,Steven,13800000019,www.amazon.com,2024/2/8,1536
839,Tina,13800000020,www.xvideos.com,2025/1/30,2597
840,Victor,13800000021,www.amazon.com,2024/9/9,2768
841,Wendy,13800000022,www.pornhub.com,2024/11/26,2829
842,Xander,13800000023,www.bing.com,2024/11/23,634
843,Yvonne,13800000024,www.google.com,2024/8/21,839
844,Zack,13800000025,www.taobao.com,2024/6/22,1534
845,Zoe,13800000026,www.pornhub.com,2024/7/27,1614
846,Zackary,13800000027,www.pornhub.com,2024/1/10,1712
847,Zoe,13800000028,www.youtube.com,2024/6/21,2442
848,Zackary,13800000029,www.xvideos.com,2024/8/4,675
849,Zoe,13800000030,www.pornhub.com,2024/8/12,2044
851,Alice,13800000001,www.google.com,2025/3/10,1857
852,Bob,13800000002,www.pornhub.com,2024/12/18,974
853,Charlie,13800000003,www.amazon.com,2024/11/17,1823
854,David,13800000004,www.bing.com,2024/3/23,1094
855,Eva,13800000005,www.amazon.com,2024/9/3,2331
856,Frank,13800000006,www.google.com,2024/1/31,932
857,Grace,13800000007,www.amazon.com,2025/1/8,641
858,Hannah,13800000008,www.xvideos.com,2024/2/8,2667
859,Ian,13800000009,www.google.com,2025/1/9,2555
860,Julia,13800000010,www.amazon.com,2025/2/7,1437
861,Kevin,13800000011,www.taobao.com,2024/2/17,2460
862,Laura,13800000012,www.amazon.com,2024/11/11,2013
863,Michael,13800000013,www.pornhub.com,2024/1/16,1139
864,Nina,13800000014,www.taobao.com,2024/3/3,839
865,Olivia,13800000015,www.taobao.com,2025/3/13,2854
866,Peter,13800000016,www.xvideos.com,2024/7/26,2231
867,Quincy,13800000017,www.google.com,2024/7/30,2942
868,Rachel,13800000018,www.bing.com,2024/10/2,1686
869,Steven,13800000019,www.amazon.com,2024/8/1,1973
870,Tina,13800000020,www.bing.com,2025/4/3,1319
871,Victor,13800000021,www.amazon.com,2024/4/26,1319
872,Wendy,13800000022,www.pornhub.com,2024/7/3,1443
873,Xander,13800000023,www.amazon.com,2024/5/5,1308
874,Yvonne,13800000024,www.xvideos.com,2024/1/7,2189
875,Zack,13800000025,www.youtube.com,2024/11/5,1355
876,Zoe,13800000026,www.amazon.com,2024/7/22,827
877,Zackary,13800000027,www.youtube.com,2024/4/24,1136
878,Zoe,13800000028,www.bing.com,2025/2/9,2555
879,Zackary,13800000029,www.bing.com,2025/1/30,2758
880,Zoe,13800000030,www.pornhub.com,2025/3/25,681
882,Alice,13800000001,www.pornhub.com,2025/1/23,1993
883,Bob,13800000002,www.bing.com,2024/7/31,2897
884,Charlie,13800000003,www.youtube.com,2024/3/16,1978
885,David,13800000004,www.bing.com,2024/9/15,1513
886,Eva,13800000005,www.youtube.com,2024/8/17,1653
887,Frank,13800000006,www.xvideos.com,2024/11/10,2933
888,Grace,13800000007,www.xvideos.com,2024/3/20,1528
889,Hannah,13800000008,www.bing.com,2024/7/26,2101
890,Ian,13800000009,www.xvideos.com,2024/6/4,832
891,Julia,13800000010,www.amazon.com,2025/1/30,1359
892,Kevin,13800000011,www.google.com,2024/11/3,2801
893,Laura,13800000012,www.amazon.com,2024/4/15,1381
894,Michael,13800000013,www.google.com,2024/5/24,1362
895,Nina,13800000014,www.xvideos.com,2025/2/13,729
896,Olivia,13800000015,www.xvideos.com,2024/11/9,584
897,Peter,13800000016,www.google.com,2024/8/28,1095
898,Quincy,13800000017,www.amazon.com,2024/7/5,884
899,Rachel,13800000018,www.bing.com,2024/5/18,2632
900,Steven,13800000019,www.youtube.com,2024/4/17,735
901,Tina,13800000020,www.xvideos.com,2024/9/15,1762
902,Victor,13800000021,www.xvideos.com,2024/11/7,2676
903,Wendy,13800000022,www.youtube.com,2025/4/2,512
904,Xander,13800000023,www.google.com,2024/4/2,2697
905,Yvonne,13800000024,www.xvideos.com,2024/5/24,993
906,Zack,13800000025,www.google.com,2024/10/19,618
907,Zoe,13800000026,www.youtube.com,2024/8/13,1675
908,Zackary,13800000027,www.pornhub.com,2025/4/3,1349
909,Zoe,13800000028,www.amazon.com,2024/8/28,1721
910,Zackary,13800000029,www.pornhub.com,2025/2/20,2757
911,Zoe,13800000030,www.xvideos.com,2024/5/12,616
913,Alice,13800000001,www.bing.com,2024/5/27,2955
914,Bob,13800000002,www.pornhub.com,2025/1/3,896
915,Charlie,13800000003,www.youtube.com,2024/8/3,933
916,David,13800000004,www.bing.com,2024/12/30,1942
917,Eva,13800000005,www.bing.com,2025/1/1,1670
918,Frank,13800000006,www.pornhub.com,2024/6/9,2728
919,Grace,13800000007,www.youtube.com,2024/6/23,2171
920,Hannah,13800000008,www.taobao.com,2024/1/3,1560
921,Ian,13800000009,www.google.com,2024/4/20,2733
922,Julia,13800000010,www.xvideos.com,2024/1/24,541
923,Kevin,13800000011,www.pornhub.com,2024/10/2,1015
924,Laura,13800000012,www.taobao.com,2024/9/9,612
925,Michael,13800000013,www.amazon.com,2024/12/11,567
926,Nina,13800000014,www.pornhub.com,2024/5/24,2830
927,Olivia,13800000015,www.xvideos.com,2025/1/5,2667
928,Peter,13800000016,www.pornhub.com,2025/3/31,987
929,Quincy,13800000017,www.google.com,2024/7/21,957
930,Rachel,13800000018,www.amazon.com,2024/7/18,1453
931,Steven,13800000019,www.amazon.com,2025/2/6,1909
932,Tina,13800000020,www.taobao.com,2024/5/8,2533
933,Victor,13800000021,www.taobao.com,2024/11/20,2593
934,Wendy,13800000022,www.google.com,2025/1/24,548
935,Xander,13800000023,www.bing.com,2024/11/29,2887
936,Yvonne,13800000024,www.amazon.com,2024/3/2,2675
937,Zack,13800000025,www.pornhub.com,2024/3/1,2542
938,Zoe,13800000026,www.amazon.com,2025/3/30,2690
939,Zackary,13800000027,www.youtube.com,2024/7/27,552
940,Zoe,13800000028,www.xvideos.com,2024/10/26,578
941,Zackary,13800000029,www.taobao.com,2025/2/23,2895
942,Zoe,13800000030,www.google.com,2024/6/28,2475
944,Alice,13800000001,www.xvideos.com,2024/7/18,2032
945,Bob,13800000002,www.xvideos.com,2025/3/31,2132
946,Charlie,13800000003,www.youtube.com,2024/8/23,2201
947,David,13800000004,www.pornhub.com,2024/5/11,2583
948,Eva,13800000005,www.youtube.com,2024/1/21,1234
949,Frank,13800000006,www.youtube.com,2025/1/5,525
950,Grace,13800000007,www.amazon.com,2024/3/14,2705
951,Hannah,13800000008,www.pornhub.com,2024/1/10,1245
952,Ian,13800000009,www.bing.com,2024/5/3,608
953,Julia,13800000010,www.youtube.com,2025/3/3,1523
954,Kevin,13800000011,www.taobao.com,2024/2/5,1995
955,Laura,13800000012,www.xvideos.com,2024/1/7,2463
956,Michael,13800000013,www.pornhub.com,2024/1/31,2206
957,Nina,13800000014,www.taobao.com,2024/1/3,1493
958,Olivia,13800000015,www.pornhub.com,2024/10/29,1436
959,Peter,13800000016,www.pornhub.com,2024/6/28,1109
960,Quincy,13800000017,www.google.com,2024/8/21,1484
961,Rachel,13800000018,www.bing.com,2024/1/25,2804
962,Steven,13800000019,www.bing.com,2024/8/15,783
963,Tina,13800000020,www.google.com,2024/2/9,946
964,Victor,13800000021,www.amazon.com,2024/10/13,1042
965,Wendy,13800000022,www.taobao.com,2024/7/19,1816
966,Xander,13800000023,www.youtube.com,2024/1/24,1191
967,Yvonne,13800000024,www.taobao.com,2024/5/27,2790
968,Zack,13800000025,www.amazon.com,2024/6/2,2546
969,Zoe,13800000026,www.google.com,2024/1/5,2411
970,Zackary,13800000027,www.xvideos.com,2024/11/13,641
971,Zoe,13800000028,www.taobao.com,2025/2/20,2706
972,Zackary,13800000029,www.amazon.com,2025/1/20,734
973,Zoe,13800000030,www.pornhub.com,2024/8/20,2149
975,Alice,13800000001,www.xvideos.com,2024/6/23,2362
976,Bob,13800000002,www.amazon.com,2024/11/10,2178
977,Charlie,13800000003,www.youtube.com,2024/8/17,1978
978,David,13800000004,www.bing.com,2024/8/23,977
979,Eva,13800000005,www.youtube.com,2024/8/24,1301
980,Frank,13800000006,www.google.com,2024/5/31,1686
981,Grace,13800000007,www.youtube.com,2024/8/13,1263
982,Hannah,13800000008,www.google.com,2024/6/12,2038
983,Ian,13800000009,www.google.com,2024/4/2,2947
984,Julia,13800000010,www.youtube.com,2024/8/26,2298
985,Kevin,13800000011,www.google.com,2024/1/22,785
986,Laura,13800000012,www.youtube.com,2025/1/1,2258
987,Michael,13800000013,www.google.com,2024/8/25,1010
988,Nina,13800000014,www.bing.com,2024/12/13,1379
989,Olivia,13800000015,www.bing.com,2024/7/12,2037
990,Peter,13800000016,www.xvideos.com,2024/4/16,2272
991,Quincy,13800000017,www.xvideos.com,2024/3/2,791
992,Rachel,13800000018,www.taobao.com,2024/9/6,938
993,Steven,13800000019,www.taobao.com,2024/11/29,2687
994,Tina,13800000020,www.taobao.com,2024/6/20,1161
995,Victor,13800000021,www.taobao.com,2024/4/18,1899
996,Wendy,13800000022,www.google.com,2024/12/25,2083
997,Xander,13800000023,www.xvideos.com,2024/4/5,1926
998,Yvonne,13800000024,www.taobao.com,2024/7/24,1855
999,Zack,13800000025,www.youtube.com,2024/4/8,2908
1000,Zoe,13800000026,www.taobao.com,2025/3/31,1567
1001,Zackary,13800000027,www.taobao.com,2024/8/29,854
1002,Zoe,13800000028,www.google.com,2024/4/22,2556
1003,Zackary,13800000029,www.youtube.com,2024/7/13,2939
1004,Zoe,13800000030,www.amazon.com,2024/3/5,2641
1006,Alice,13800000001,www.taobao.com,2024/2/20,2997
1007,Bob,13800000002,www.amazon.com,2024/5/27,2029
1008,Charlie,13800000003,www.google.com,2024/10/26,2904
1009,David,13800000004,www.pornhub.com,2024/7/3,1578
1010,Eva,13800000005,www.pornhub.com,2024/8/9,1861
1011,Frank,13800000006,www.taobao.com,2024/12/9,2768
1012,Grace,13800000007,www.youtube.com,2024/12/13,2715
1013,Hannah,13800000008,www.taobao.com,2024/3/22,1456
1014,Ian,13800000009,www.youtube.com,2024/12/17,2179
1015,Julia,13800000010,www.google.com,2024/5/29,1557
1016,Kevin,13800000011,www.google.com,2024/7/13,2255
1017,Laura,13800000012,www.taobao.com,2024/2/15,2417
1018,Michael,13800000013,www.bing.com,2024/7/6,1523
1019,Nina,13800000014,www.xvideos.com,2025/2/20,608
1020,Olivia,13800000015,www.bing.com,2024/6/27,1580
1021,Peter,13800000016,www.pornhub.com,2024/11/7,1502
1022,Quincy,13800000017,www.pornhub.com,2024/11/4,1559
1023,Rachel,13800000018,www.google.com,2024/5/10,716
1024,Steven,13800000019,www.amazon.com,2024/10/24,1724
1025,Tina,13800000020,www.bing.com,2024/2/5,2639
1026,Victor,13800000021,www.google.com,2024/11/5,1048
1027,Wendy,13800000022,www.google.com,2024/12/3,1587
1028,Xander,13800000023,www.pornhub.com,2024/9/13,2670
1029,Yvonne,13800000024,www.amazon.com,2024/12/9,2315
1030,Zack,13800000025,www.youtube.com,2024/12/15,2094
1031,Zoe,13800000026,www.pornhub.com,2024/10/17,1570
1032,Zackary,13800000027,www.taobao.com,2025/3/15,574
1033,Zoe,13800000028,www.taobao.com,2024/6/4,2581
1034,Zackary,13800000029,www.taobao.com,2024/4/24,2502
1035,Zoe,13800000030,www.taobao.com,2025/2/5,1994
